FirstName,Gender
Aarav,male
Aaryan,male
Abhay,male
Aditya,male
Ajay,male
Akash,male
Amit,male
Amrish,male
Anand,male
Anil,male
Anish,male
Ankit,male
Anup,male
Arjun,male
Arpit,male
Arvind,male
Ashok,male
Ashwin,male
Atul,male
Avinash,male
Bharat,male
Bhavesh,male
Bhavik,male
Bhavin,male
Bhupendra,male
Brijesh,male
Chandrakant,male
Chetan,male
Chintan,male
Chirag,male
Darshan,male
Darshit,male
Deepak,male
Devang,male
Devendra,male
Dhaval,male
Dharmesh,male
Dhruv,male
Dhruval,male
Dilip,male
Dinesh,male
Divyesh,male
Eklavya,male
Falgun,male
Gaurav,male
Gautam,male
Ghanshyam,male
Girish,male
Gopal,male
Govind,male
Hardik,male
Harish,male
Harshad,male
Hemant,male
Hiren,male
Hitesh,male
Ishan,male
Jagdish,male
Jaimin,male
Jatin,male
Jay,male
Jayesh,male
Jignesh,male
Jitendra,male
Kailash,male
Kalpesh,male
Kamlesh,male
Kanti,male
Kartik,male
Kashyap,male
Ketan,male
Kevin,male
Kiran,male
Kirit,male
Krishna,male
Kunal,male
Lalit,male
Laxman,male
Mahendra,male
Mahesh,male
Manan,male
Manish,male
Manoj,male
Manthan,male
Maulik,male
Mayur,male
Mihir,male
Milan,male
Mitesh,male
Mukesh,male
Nakul,male
Naresh,male
Narendra,male
Nayan,male
Naveen,male
Nikhil,male
Nilesh,male
Nimesh,male
Nirav,male
Nishith,male
Nitin,male
Om,male
Omkar,male
Omprakash,male
Paras,male
Parag,male
Paresh,male
Parth,male
Parthiv,male
Pankaj,male
Piyush,male
Pradeep,male
Pranav,male
Pratik,male
Prakash,male
Prashant,male
Praveen,male
Punit,male
Rahul,male
Raj,male
Rajendra,male
Rajesh,male
Rajnikant,male
Rakesh,male
Ramesh,male
Ravi,male
Ravindra,male
Rikin,male
Rishabh,male
Ronak,male
Rushabh,male
Sachin,male
Sagar,male
Sahil,male
Sameer,male
Sandeep,male
Sanjay,male
Santosh,male
Saurabh,male
Shailesh,male
Shantilal,male
Sharad,male
Shashank,male
Shreyas,male
Siddharth,male
Sunil,male
Suresh,male
Tapan,male
Tejas,male
Trupal,male
Tushar,male
Umang,male
Umesh,male
Upen,male
Utkarsh,male
Utpal,male
Vaibhav,male
Varun,male
Vasant,male
Vibhav,male
Vihang,male
Vijay,male
Vikas,male
Vikram,male
Vimal,male
Vinay,male
Vinod,male
Vipul,male
Viral,male
Vishal,male
Vishnu,male
Vivek,male
Yagnesh,male
Yash,male
Yogesh,male
Yuvraj,male
Zubin,male
Ashwinbhai,male
Bharatbhai,male
Chandrakantbhai,male
Dineshbhai,male
Girishbhai,male
Govindbhai,male
Jayeshbhai,male
Kanubhai,male
Kiritbhai,male
Manharbhai,male
Maganbhai,male
Naranbhai,male
Popatbhai,male
Raojibhai,male
Somabhai,male
Vithalbhai,male
Bhikhabhai,male
Chhaganbhai,male
Dahyabhai,male
Dhirubhai,male
Ishwarbhai,male
Jethabhai,male
Kalidas,male
Aditi,female
Aishwarya,female
Alka,female
Ami,female
Anita,female
Anjali,female
Ankita,female
Anushka,female
Archana,female
Arti,female
Asha,female
Avani,female
Bansari,female
Bela,female
Bhairavi,female
Bharti,female
Bhavna,female
Bhumika,female
Charmi,female
Chetna,female
Darshana,female
Deepa,female
Devangi,female
Dhara,female
Dhruvi,female
Diksha,female
Dipti,female
Disha,female
Diya,female
Falguni,female
Foram,female
Gauri,female
Geeta,female
Hansa,female
Heena,female
Hemali,female
Hemlata,female
Hetal,female
Hina,female
Ila,female
Indira,female
Jagruti,female
Jalpa,female
Janki,female
Jasmin,female
Jaya,female
Jigna,female
Jyoti,female
Kajal,female
Kalpana,female
Kanchan,female
Kashish,female
Kavita,female
Ketki,female
Khushbu,female
Kinjal,female
Komal,female
Krupa,female
Kruti,female
Lata,female
Leela,female
Madhuri,female
Mala,female
Malti,female
Mamta,female
Manisha,female
Meera,female
Meeta,female
Meghna,female
Minal,female
Mira,female
Mital,female
Monika,female
Nayana,female
Neeta,female
Neha,female
Nidhi,female
Nikita,female
Nilam,female
Nirali,female
Nisha,female
Nita,female
Payal,female
Pooja,female
Poonam,female
Prachi,female
Pragati,female
Pratima,female
Priti,female
Priya,female
Purvi,female
Radha,female
Rachana,female
Rajvi,female
Rashmi,female
Reena,female
Rekha,female
Riddhi,female
Riya,female
Ruchi,female
Ruchita,female
Sangita,female
Sapna,female
Sarita,female
Seema,female
Shailja,female
Shalini,female
Sheetal,female
Shefali,female
Sheela,female
Shilpa,female
Shital,female
Shivani,female
Shraddha,female
Shreya,female
Shruti,female
Simran,female
Smita,female
Snehal,female
Sonal,female
Sonam,female
Sonia,female
Suman,female
Sunita,female
Sushma,female
Swati,female
Taruna,female
Tejal,female
Trupti,female
Twinkle,female
Urmila,female
Urvi,female
Usha,female
Vaishali,female
Vandana,female
Varsha,female
Vibha,female
Vidhi,female
Vidya,female
Vimla,female
Vina,female
Vrunda,female
Yamini,female
Yashvi,female
Zeel,female
Zara,female
Amiben,female
Chandaben,female
Dahiben,female
Diwaliben,female
Hansaben,female
Ichhaben,female
Jasuben,female
Kailasben,female
Kamuben,female
Lilavati,female
Manjula,female
Nirmalaben,female
Pushpaben,female
Ramilaben,female
Savitaben,female
Taraben,female
Vasantiben,female
Ushaben,female
Kokilaben,female
Manekben,female
Rukminiben,female
Shantaben,female
Sarojben,female
Kanchanben,female
